cnf_file,category,priority_folder,DLIS,watched_literals,expected_result,actual_result,correct,exit_code,timed_out,monitor_start_time,monitor_total_time,monitor_unit_propagation_time,monitor_clause_checks,monitor_variable_assignments,monitor_backtrack_count,monitor_state_copies,monitor_unit_propagation_rounds,monitor_unit_propagation_calls,monitor_current_recursion_depth,monitor_max_recursion_depth,stderr
test/sat/UF150.645.100/uf150-01.cnf,sat,sat/UF150.645.100/,0,0,SAT,SAT,TRUE,0,FALSE,1778078797.075221,12.782296,12.768022,392535796,2604715,152457,228700,425653,152476,0,41,
test/sat/UF150.645.100/uf150-02.cnf,sat,sat/UF150.645.100/,0,0,SAT,SAT,TRUE,0,FALSE,1778078809.863350,1.083282,1.081172,32638747,232623,14011,21045,37534,14045,0,41,
test/sat/UF150.645.100/uf150-03.cnf,sat,sat/UF150.645.100/,0,0,SAT,UNKNOWN,FALSE,,TRUE,,,,,,,,,,,,
test/sat/UF150.645.100/uf150-04.cnf,sat,sat/UF150.645.100/,0,0,SAT,SAT,TRUE,0,FALSE,1778079111.046574,58.923733,58.849841,2088875607,13356225,828239,1242389,2315324,828274,0,40,
test/sat/UF150.645.100/uf150-05.cnf,sat,sat/UF150.645.100/,0,0,SAT,UNKNOWN,FALSE,,TRUE,,,,,,,,,,,,
test/sat/UF150.645.100/uf150-06.cnf,sat,sat/UF150.645.100/,0,0,SAT,SAT,TRUE,0,FALSE,1778079470.076744,137.582232,137.215779,4260711517,30140669,1867752,2801656,4801345,1867787,0,44,
test/sat/UF150.645.100/uf150-07.cnf,sat,sat/UF150.645.100/,0,0,SAT,SAT,TRUE,0,FALSE,1778079607.663320,63.889911,63.757165,2029287324,13253615,870308,1305486,2224258,870339,0,41,
test/sat/UF150.645.100/uf150-08.cnf,sat,sat/UF150.645.100/,0,0,SAT,SAT,TRUE,0,FALSE,1778079671.558341,2.427110,2.423435,73041923,504354,28810,43239,81574,28839,0,41,
test/sat/UF150.645.100/uf150-09.cnf,sat,sat/UF150.645.100/,0,0,SAT,SAT,TRUE,0,FALSE,1778079673.990078,285.260298,284.439098,9527004200,64219738,4263524,6395313,10725349,4263561,0,49,
test/sat/UF150.645.100/uf150-010.cnf,sat,sat/UF150.645.100/,0,0,SAT,UNKNOWN,FALSE,,TRUE,,,,,,,,,,,,
test/sat/UF150.645.100/uf150-011.cnf,sat,sat/UF150.645.100/,0,0,SAT,SAT,TRUE,0,FALSE,1778080259.358395,0.935587,0.933891,32481566,209751,11955,17966,33865,11992,0,37,
test/sat/UF150.645.100/uf150-012.cnf,sat,sat/UF150.645.100/,0,0,SAT,UNKNOWN,FALSE,,TRUE,,,,,,,,,,,,
test/sat/UF150.645.100/uf150-013.cnf,sat,sat/UF150.645.100/,0,0,SAT,SAT,TRUE,0,FALSE,1778080560.445605,170.028443,169.776855,5277551424,34083188,2212950,3319445,5870646,2212975,0,45,
test/sat/UF150.645.100/uf150-014.cnf,sat,sat/UF150.645.100/,0,0,SAT,UNKNOWN,FALSE,,TRUE,,,,,,,,,,,,
test/sat/UF150.645.100/uf150-015.cnf,sat,sat/UF150.645.100/,0,0,SAT,SAT,TRUE,0,FALSE,1778081030.545931,247.034628,246.605217,7692881653,52495413,3232513,4848802,8710808,3232554,0,52,
test/sat/UF150.645.100/uf150-016.cnf,sat,sat/UF150.645.100/,0,0,SAT,SAT,TRUE,0,FALSE,1778081277.585353,72.089245,72.004611,2294318425,14329513,896676,1345048,2464847,896714,0,42,
test/sat/UF150.645.100/uf150-017.cnf,sat,sat/UF150.645.100/,0,0,SAT,SAT,TRUE,0,FALSE,1778081349.680706,0.767706,0.765876,21844899,149321,10053,15105,25486,10083,0,36,
test/sat/UF150.645.100/uf150-018.cnf,sat,sat/UF150.645.100/,0,0,SAT,SAT,TRUE,0,FALSE,1778081350.453317,24.030553,24.001259,753109274,4872012,322849,484294,856614,322876,0,43,
test/sat/UF150.645.100/uf150-019.cnf,sat,sat/UF150.645.100/,0,0,SAT,SAT,TRUE,0,FALSE,1778081374.488528,217.662519,217.281644,6730261397,43543102,2822794,4234220,7334795,2822835,0,46,
test/sat/UF150.645.100/uf150-020.cnf,sat,sat/UF150.645.100/,0,0,SAT,SAT,TRUE,0,FALSE,1778081592.156243,27.685056,27.543199,863248928,6101669,425299,637983,980543,425343,0,45,
test/sat/UF150.645.100/uf150-021.cnf,sat,sat/UF150.645.100/,0,0,SAT,SAT,TRUE,0,FALSE,1778081619.846020,66.397130,66.171370,2081651873,13604522,860117,1290201,2295162,860149,0,51,
test/sat/UF150.645.100/uf150-022.cnf,sat,sat/UF150.645.100/,0,0,SAT,SAT,TRUE,0,FALSE,1778081686.249908,41.029906,40.930976,1255737105,8289190,529313,794002,1419438,529351,0,47,
test/sat/UF150.645.100/uf150-023.cnf,sat,sat/UF150.645.100/,0,0,SAT,SAT,TRUE,0,FALSE,1778081727.283841,117.689918,117.452361,3741371888,23603231,1556531,2334813,4127397,1556555,0,51,
test/sat/UF150.645.100/uf150-024.cnf,sat,sat/UF150.645.100/,0,0,SAT,UNKNOWN,FALSE,,TRUE,,,,,,,,,,,,
test/sat/UF150.645.100/uf150-025.cnf,sat,sat/UF150.645.100/,0,0,SAT,UNKNOWN,FALSE,,TRUE,,,,,,,,,,,,
test/sat/UF150.645.100/uf150-026.cnf,sat,sat/UF150.645.100/,0,0,SAT,SAT,TRUE,0,FALSE,1778082445.152963,63.824040,63.655978,2021198578,12613342,879369,1319076,2244511,879397,0,46,
test/sat/UF150.645.100/uf150-027.cnf,sat,sat/UF150.645.100/,0,0,SAT,SAT,TRUE,0,FALSE,1778082508.982895,18.773395,18.646861,583487742,4040652,254836,382282,648114,254868,0,41,
test/sat/UF150.645.100/uf150-028.cnf,sat,sat/UF150.645.100/,0,0,SAT,SAT,TRUE,0,FALSE,1778082527.760317,83.993744,83.842963,2564595978,16995056,1035782,1553689,2813335,1035803,0,44,
test/sat/UF150.645.100/uf150-029.cnf,sat,sat/UF150.645.100/,0,0,SAT,SAT,TRUE,0,FALSE,1778082611.758472,16.804946,16.687102,535973273,3499108,211110,316699,587568,211153,0,43,
test/sat/UF150.645.100/uf150-030.cnf,sat,sat/UF150.645.100/,0,0,SAT,SAT,TRUE,0,FALSE,1778082628.567442,31.974429,31.887100,922161067,6348496,374610,561946,1061787,374646,0,49,
test/sat/UF150.645.100/uf150-031.cnf,sat,sat/UF150.645.100/,0,0,SAT,SAT,TRUE,0,FALSE,1778082660.546476,249.394920,248.873983,7773438575,55420834,3649326,5474016,8674349,3649358,0,46,
test/sat/UF150.645.100/uf150-032.cnf,sat,sat/UF150.645.100/,0,0,SAT,SAT,TRUE,0,FALSE,1778082909.947935,35.427704,35.336075,1115670598,6891585,455180,682790,1206904,455205,0,39,
test/sat/UF150.645.100/uf150-033.cnf,sat,sat/UF150.645.100/,0,0,SAT,SAT,TRUE,0,FALSE,1778082945.380331,24.665898,24.635415,785794622,5162975,329503,494279,865360,329533,0,38,
test/sat/UF150.645.100/uf150-034.cnf,sat,sat/UF150.645.100/,0,0,SAT,SAT,TRUE,0,FALSE,1778082970.052147,58.989633,58.899525,1809078251,13198250,887125,1330721,2145368,887169,0,48,
test/sat/UF150.645.100/uf150-035.cnf,sat,sat/UF150.645.100/,0,0,SAT,SAT,TRUE,0,FALSE,1778083029.045915,56.046129,55.811848,1715727344,11976140,773527,1160326,1953397,773567,0,50,
test/sat/UF150.645.100/uf150-036.cnf,sat,sat/UF150.645.100/,0,0,SAT,SAT,TRUE,0,FALSE,1778083085.145627,68.221644,68.039917,2203263874,14439302,908947,1363449,2362139,908980,0,41,
test/sat/UF150.645.100/uf150-037.cnf,sat,sat/UF150.645.100/,0,0,SAT,SAT,TRUE,0,FALSE,1778083153.371466,14.921226,14.903053,455555013,3053141,186792,280208,518110,186817,0,46,
test/sat/UF150.645.100/uf150-038.cnf,sat,sat/UF150.645.100/,0,0,SAT,SAT,TRUE,0,FALSE,1778083168.344224,7.500395,7.489513,230471687,1571187,101775,152690,263598,101811,0,36,
test/sat/UF150.645.100/uf150-039.cnf,sat,sat/UF150.645.100/,0,0,SAT,SAT,TRUE,0,FALSE,1778083175.849368,65.300143,65.180734,2082048572,12963047,832362,1248569,2297639,832393,0,38,
test/sat/UF150.645.100/uf150-040.cnf,sat,sat/UF150.645.100/,0,0,SAT,UNKNOWN,FALSE,,TRUE,,,,,,,,,,,,
test/sat/UF150.645.100/uf150-041.cnf,sat,sat/UF150.645.100/,0,0,SAT,UNKNOWN,FALSE,,TRUE,,,,,,,,,,,,
test/sat/UF150.645.100/uf150-042.cnf,sat,sat/UF150.645.100/,0,0,SAT,UNKNOWN,FALSE,,TRUE,,,,,,,,,,,,
test/sat/UF150.645.100/uf150-043.cnf,sat,sat/UF150.645.100/,0,0,SAT,UNKNOWN,FALSE,,TRUE,,,,,,,,,,,,
test/sat/UF150.645.100/uf150-044.cnf,sat,sat/UF150.645.100/,0,0,SAT,SAT,TRUE,0,FALSE,1778084441.472640,275.012967,274.450384,8721774995,58287944,3851573,5777394,9800900,3851619,0,48,
test/sat/UF150.645.100/uf150-045.cnf,sat,sat/UF150.645.100/,0,0,SAT,UNKNOWN,FALSE,,TRUE,,,,,,,,,,,,
test/sat/UF150.645.100/uf150-046.cnf,sat,sat/UF150.645.100/,0,0,SAT,SAT,TRUE,0,FALSE,1778085016.542992,38.643367,38.546117,1195440871,8235996,509256,763919,1337008,509299,0,45,
test/sat/UF150.645.100/uf150-047.cnf,sat,sat/UF150.645.100/,0,0,SAT,UNKNOWN,FALSE,,TRUE,,,,,,,,,,,,
test/sat/UF150.645.100/uf150-048.cnf,sat,sat/UF150.645.100/,0,0,SAT,SAT,TRUE,0,FALSE,1778085355.246173,56.541928,56.367586,1717507641,11758135,731788,1097708,1929269,731820,0,45,
test/sat/UF150.645.100/uf150-049.cnf,sat,sat/UF150.645.100/,0,0,SAT,SAT,TRUE,0,FALSE,1778085411.842051,54.052647,53.893968,1695601572,10098105,697697,1046581,1828081,697741,0,44,
test/sat/UF150.645.100/uf150-050.cnf,sat,sat/UF150.645.100/,0,0,SAT,UNKNOWN,FALSE,,TRUE,,,,,,,,,,,,
test/sat/UF150.645.100/uf150-051.cnf,sat,sat/UF150.645.100/,0,0,SAT,SAT,TRUE,0,FALSE,1778085766.049011,133.619069,133.242619,4025920730,27055539,1770800,2656228,4665331,1770832,0,45,
test/sat/UF150.645.100/uf150-052.cnf,sat,sat/UF150.645.100/,0,0,SAT,UNKNOWN,FALSE,,TRUE,,,,,,,,,,,,
test/sat/UF150.645.100/uf150-053.cnf,sat,sat/UF150.645.100/,0,0,SAT,SAT,TRUE,0,FALSE,1778086199.759373,135.199028,134.650445,4089300907,26354828,1572147,2358246,4473848,1572178,0,44,
test/sat/UF150.645.100/uf150-054.cnf,sat,sat/UF150.645.100/,0,0,SAT,UNKNOWN,FALSE,,TRUE,,,,,,,,,,,,
test/sat/UF150.645.100/uf150-055.cnf,sat,sat/UF150.645.100/,0,0,SAT,SAT,TRUE,0,FALSE,1778086635.044837,68.125522,67.995266,2112061871,13925816,864353,1296553,2280083,864383,0,45,
test/sat/UF150.645.100/uf150-056.cnf,sat,sat/UF150.645.100/,0,0,SAT,SAT,TRUE,0,FALSE,1778086703.175507,37.469538,37.372247,1149642622,7455501,488040,732084,1290641,488070,0,46,
test/sat/UF150.645.100/uf150-057.cnf,sat,sat/UF150.645.100/,0,0,SAT,UNKNOWN,FALSE,,TRUE,,,,,,,,,,,,
test/sat/UF150.645.100/uf150-058.cnf,sat,sat/UF150.645.100/,0,0,SAT,SAT,TRUE,0,FALSE,1778087040.745308,108.123634,107.927184,3307605568,22358976,1442960,2164467,3741389,1442995,0,46,
test/sat/UF150.645.100/uf150-059.cnf,sat,sat/UF150.645.100/,0,0,SAT,SAT,TRUE,0,FALSE,1778087148.875272,249.004977,248.045677,7685329070,52405589,3456771,5185183,8704840,3456806,0,50,
test/sat/UF150.645.100/uf150-060.cnf,sat,sat/UF150.645.100/,0,0,SAT,SAT,TRUE,0,FALSE,1778087397.884775,276.184452,275.511619,8687899999,59557591,4245126,6367718,9890977,4245162,0,45,
test/sat/UF150.645.100/uf150-061.cnf,sat,sat/UF150.645.100/,0,0,SAT,SAT,TRUE,0,FALSE,1778087674.075268,15.487384,15.464380,468580843,3181722,224662,337027,540841,224702,0,45,
test/sat/UF150.645.100/uf150-062.cnf,sat,sat/UF150.645.100/,0,0,SAT,UNKNOWN,FALSE,,TRUE,,,,,,,,,,,,
test/sat/UF150.645.100/uf150-063.cnf,sat,sat/UF150.645.100/,0,0,SAT,UNKNOWN,FALSE,,TRUE,,,,,,,,,,,,
test/sat/UF150.645.100/uf150-064.cnf,sat,sat/UF150.645.100/,0,0,SAT,UNKNOWN,FALSE,,TRUE,,,,,,,,,,,,
test/sat/UF150.645.100/uf150-065.cnf,sat,sat/UF150.645.100/,0,0,SAT,SAT,TRUE,0,FALSE,1778088589.847340,68.712146,68.380885,2148825018,14376924,876809,1315242,2361897,876845,0,50,
test/sat/UF150.645.100/uf150-066.cnf,sat,sat/UF150.645.100/,0,0,SAT,SAT,TRUE,0,FALSE,1778088658.563059,92.587953,92.159032,2855713624,19004682,1246539,1869840,3194970,1246575,0,46,
test/sat/UF150.645.100/uf150-067.cnf,sat,sat/UF150.645.100/,0,0,SAT,SAT,TRUE,0,FALSE,1778088751.155861,3.391429,3.385839,102015029,692338,46222,69366,123021,46259,0,41,
test/sat/UF150.645.100/uf150-068.cnf,sat,sat/UF150.645.100/,0,0,SAT,SAT,TRUE,0,FALSE,1778088754.551878,22.833331,22.750788,711379129,4637981,313556,470378,796971,313608,0,52,
test/sat/UF150.645.100/uf150-069.cnf,sat,sat/UF150.645.100/,0,0,SAT,UNKNOWN,FALSE,,TRUE,,,,,,,,,,,,
test/sat/UF150.645.100/uf150-070.cnf,sat,sat/UF150.645.100/,0,0,SAT,SAT,TRUE,0,FALSE,1778089077.543052,105.629558,105.409752,3361444575,21648055,1360990,2041503,3662675,1361013,0,43,
test/sat/UF150.645.100/uf150-071.cnf,sat,sat/UF150.645.100/,0,0,SAT,SAT,TRUE,0,FALSE,1778089183.182818,1.597103,1.594154,49374961,332747,20292,30473,54557,20331,0,39,
test/sat/UF150.645.100/uf150-072.cnf,sat,sat/UF150.645.100/,0,0,SAT,SAT,TRUE,0,FALSE,1778089184.789406,277.752147,276.862839,8739167277,56965031,3777615,5666448,9553362,3777648,0,42,
test/sat/UF150.645.100/uf150-073.cnf,sat,sat/UF150.645.100/,0,0,SAT,SAT,TRUE,0,FALSE,1778089462.546514,111.500326,111.270819,3488044736,22432584,1442815,2164246,3781659,1442847,0,43,
test/sat/UF150.645.100/uf150-074.cnf,sat,sat/UF150.645.100/,0,0,SAT,SAT,TRUE,0,FALSE,1778089574.051702,22.009214,21.890346,698397838,4736190,300414,450653,773019,300450,0,36,
test/sat/UF150.645.100/uf150-075.cnf,sat,sat/UF150.645.100/,0,0,SAT,UNKNOWN,FALSE,,TRUE,,,,,,,,,,,,
test/sat/UF150.645.100/uf150-076.cnf,sat,sat/UF150.645.100/,0,0,SAT,UNKNOWN,FALSE,,TRUE,,,,,,,,,,,,
test/sat/UF150.645.100/uf150-077.cnf,sat,sat/UF150.645.100/,0,0,SAT,SAT,TRUE,0,FALSE,1778090196.246055,89.125736,88.935838,2693744057,18579604,1066894,1600369,2915573,1066929,0,41,
test/sat/UF150.645.100/uf150-078.cnf,sat,sat/UF150.645.100/,0,0,SAT,UNKNOWN,FALSE,,TRUE,,,,,,,,,,,,
test/sat/UF150.645.100/uf150-079.cnf,sat,sat/UF150.645.100/,0,0,SAT,UNKNOWN,FALSE,,TRUE,,,,,,,,,,,,
test/sat/UF150.645.100/uf150-080.cnf,sat,sat/UF150.645.100/,0,0,SAT,SAT,TRUE,0,FALSE,1778090885.549544,56.935408,56.814403,1755605512,12057065,775135,1162732,1949932,775172,0,47,
test/sat/UF150.645.100/uf150-081.cnf,sat,sat/UF150.645.100/,0,0,SAT,UNKNOWN,FALSE,,TRUE,,,,,,,,,,,,
test/sat/UF150.645.100/uf150-082.cnf,sat,sat/UF150.645.100/,0,0,SAT,SAT,TRUE,0,FALSE,1778091242.546626,10.539940,10.524764,335488929,2135138,142028,213075,373357,142067,0,39,
test/sat/UF150.645.100/uf150-083.cnf,sat,sat/UF150.645.100/,0,0,SAT,UNKNOWN,FALSE,,TRUE,,,,,,,,,,,,
test/sat/UF150.645.100/uf150-084.cnf,sat,sat/UF150.645.100/,0,0,SAT,UNKNOWN,FALSE,,TRUE,,,,,,,,,,,,
test/sat/UF150.645.100/uf150-085.cnf,sat,sat/UF150.645.100/,0,0,SAT,SAT,TRUE,0,FALSE,1778091853.346003,56.636729,56.516947,1789120226,11609367,719915,1079899,1986027,719949,0,39,
test/sat/UF150.645.100/uf150-086.cnf,sat,sat/UF150.645.100/,0,0,SAT,SAT,TRUE,0,FALSE,1778091909.987358,10.961483,10.894952,340214054,2345148,144810,217238,386626,144837,0,47,
test/sat/UF150.645.100/uf150-087.cnf,sat,sat/UF150.645.100/,0,0,SAT,SAT,TRUE,0,FALSE,1778091920.954782,87.215904,87.118743,2690344563,16645579,1011638,1517484,2857163,1011671,0,37,
test/sat/UF150.645.100/uf150-088.cnf,sat,sat/UF150.645.100/,0,0,SAT,SAT,TRUE,0,FALSE,1778092008.176381,182.405574,181.936140,5830036248,40854976,2444495,3666766,6500217,2444526,0,46,
test/sat/UF150.645.100/uf150-089.cnf,sat,sat/UF150.645.100/,0,0,SAT,SAT,TRUE,0,FALSE,1778092190.586324,0.500318,0.498348,15525134,117157,7397,11122,18505,7429,0,45,
test/sat/UF150.645.100/uf150-090.cnf,sat,sat/UF150.645.100/,0,0,SAT,SAT,TRUE,0,FALSE,1778092191.142423,67.015007,66.742514,2087247664,12957091,836565,1254883,2274180,836607,0,44,
test/sat/UF150.645.100/uf150-091.cnf,sat,sat/UF150.645.100/,0,0,SAT,SAT,TRUE,0,FALSE,1778092258.163495,110.722161,110.482493,3388057781,23245770,1581368,2372081,3916045,1581402,0,47,
test/sat/UF150.645.100/uf150-092.cnf,sat,sat/UF150.645.100/,0,0,SAT,SAT,TRUE,0,FALSE,1778092368.890086,283.189259,282.447872,8596107686,57811784,3917342,5876049,10044317,3917385,0,48,
test/sat/UF150.645.100/uf150-093.cnf,sat,sat/UF150.645.100/,0,0,SAT,SAT,TRUE,0,FALSE,1778092652.083256,1.401140,1.398584,38165049,262751,16316,24505,41920,16354,0,38,
test/sat/UF150.645.100/uf150-094.cnf,sat,sat/UF150.645.100/,0,0,SAT,SAT,TRUE,0,FALSE,1778092653.489117,108.053076,107.757995,3350000503,23045990,1484811,2227242,3719308,1484848,0,41,
test/sat/UF150.645.100/uf150-095.cnf,sat,sat/UF150.645.100/,0,0,SAT,UNKNOWN,FALSE,,TRUE,,,,,,,,,,,,
test/sat/UF150.645.100/uf150-096.cnf,sat,sat/UF150.645.100/,0,0,SAT,UNKNOWN,FALSE,,TRUE,,,,,,,,,,,,
test/sat/UF150.645.100/uf150-097.cnf,sat,sat/UF150.645.100/,0,0,SAT,SAT,TRUE,0,FALSE,1778093361.754313,51.622199,51.509982,1616356506,10404748,674375,1011595,1820168,674413,0,43,
test/sat/UF150.645.100/uf150-098.cnf,sat,sat/UF150.645.100/,0,0,SAT,SAT,TRUE,0,FALSE,1778093413.383229,98.992713,98.799518,3114707959,20287005,1296562,1944874,3444178,1296601,0,42,
test/sat/UF150.645.100/uf150-099.cnf,sat,sat/UF150.645.100/,0,0,SAT,SAT,TRUE,0,FALSE,1778093512.380845,64.084432,63.956325,2000278118,13763303,844003,1266031,2193972,844036,0,44,
test/sat/UF150.645.100/uf150-0100.cnf,sat,sat/UF150.645.100/,0,0,SAT,UNKNOWN,FALSE,,TRUE,,,,,,,,,,,,
test/unsat/UUF150.645.100/uuf150-01.cnf,unsat,unsat/UUF150.645.100/,0,0,UNSAT,UNSAT,TRUE,0,FALSE,1778093876.566793,153.678374,153.370972,4806232186,30988573,2003356,3005034,5326756,2003357,0,44,
test/unsat/UUF150.645.100/uuf150-02.cnf,unsat,unsat/UUF150.645.100/,0,0,UNSAT,UNKNOWN,FALSE,,TRUE,,,,,,,,,,,,
test/unsat/UUF150.645.100/uuf150-03.cnf,unsat,unsat/UUF150.645.100/,0,0,UNSAT,UNKNOWN,FALSE,,TRUE,,,,,,,,,,,,
test/unsat/UUF150.645.100/uuf150-04.cnf,unsat,unsat/UUF150.645.100/,0,0,UNSAT,UNSAT,TRUE,0,FALSE,1778094630.445855,165.921105,165.555442,6164641977,40466515,2710800,4066200,6570534,2710801,0,40,
test/unsat/UUF150.645.100/uuf150-05.cnf,unsat,unsat/UUF150.645.100/,0,0,UNSAT,UNSAT,TRUE,0,FALSE,1778094796.371381,45.016898,44.907479,1621670206,10749354,701794,1052691,1770603,701795,0,37,
test/unsat/UUF150.645.100/uuf150-06.cnf,unsat,unsat/UUF150.645.100/,0,0,UNSAT,UNKNOWN,FALSE,,TRUE,,,,,,,,,,,,
test/unsat/UUF150.645.100/uuf150-07.cnf,unsat,unsat/UUF150.645.100/,0,0,UNSAT,UNSAT,TRUE,0,FALSE,1778095141.495746,219.172089,218.691490,7947909152,50909870,3295368,4943052,8709711,3295369,0,52,
test/unsat/UUF150.645.100/uuf150-08.cnf,unsat,unsat/UUF150.645.100/,0,0,UNSAT,UNKNOWN,FALSE,,TRUE,,,,,,,,,,,,
test/unsat/UUF150.645.100/uuf150-09.cnf,unsat,unsat/UUF150.645.100/,0,0,UNSAT,UNKNOWN,FALSE,,TRUE,,,,,,,,,,,,
test/unsat/UUF150.645.100/uuf150-010.cnf,unsat,unsat/UUF150.645.100/,0,0,UNSAT,UNKNOWN,FALSE,,TRUE,,,,,,,,,,,,
test/unsat/UUF150.645.100/uuf150-011.cnf,unsat,unsat/UUF150.645.100/,0,0,UNSAT,UNKNOWN,FALSE,,TRUE,,,,,,,,,,,,
test/unsat/UUF150.645.100/uuf150-012.cnf,unsat,unsat/UUF150.645.100/,0,0,UNSAT,UNSAT,TRUE,0,FALSE,1778096561.046984,226.507145,226.025100,8217798868,55653046,3508684,5263026,9045455,3508685,0,45,
test/unsat/UUF150.645.100/uuf150-013.cnf,unsat,unsat/UUF150.645.100/,0,0,UNSAT,UNKNOWN,FALSE,,TRUE,,,,,,,,,,,,
test/unsat/UUF150.645.100/uuf150-014.cnf,unsat,unsat/UUF150.645.100/,0,0,UNSAT,UNKNOWN,FALSE,,TRUE,,,,,,,,,,,,
test/unsat/UUF150.645.100/uuf150-015.cnf,unsat,unsat/UUF150.645.100/,0,0,UNSAT,UNKNOWN,FALSE,,TRUE,,,,,,,,,,,,
test/unsat/UUF150.645.100/uuf150-016.cnf,unsat,unsat/UUF150.645.100/,0,0,UNSAT,UNSAT,TRUE,0,FALSE,1778097687.769392,82.824705,82.616812,2960829653,19301984,1214592,1821888,3234651,1214593,0,39,
test/unsat/UUF150.645.100/uuf150-017.cnf,unsat,unsat/UUF150.645.100/,0,0,UNSAT,UNKNOWN,FALSE,,TRUE,,,,,,,,,,,,
test/unsat/UUF150.645.100/uuf150-018.cnf,unsat,unsat/UUF150.645.100/,0,0,UNSAT,UNKNOWN,FALSE,,TRUE,,,,,,,,,,,,
test/unsat/UUF150.645.100/uuf150-019.cnf,unsat,unsat/UUF150.645.100/,0,0,UNSAT,UNKNOWN,FALSE,,TRUE,,,,,,,,,,,,
test/unsat/UUF150.645.100/uuf150-020.cnf,unsat,unsat/UUF150.645.100/,0,0,UNSAT,UNKNOWN,FALSE,,TRUE,,,,,,,,,,,,
test/unsat/UUF150.645.100/uuf150-021.cnf,unsat,unsat/UUF150.645.100/,0,0,UNSAT,UNSAT,TRUE,0,FALSE,1778098970.874955,184.885256,184.392712,7482162222,48216910,3232952,4849428,8445720,3232953,0,45,
test/unsat/UUF150.645.100/uuf150-022.cnf,unsat,unsat/UUF150.645.100/,0,0,UNSAT,UNKNOWN,FALSE,,TRUE,,,,,,,,,,,,
test/unsat/UUF150.645.100/uuf150-023.cnf,unsat,unsat/UUF150.645.100/,0,0,UNSAT,UNSAT,TRUE,0,FALSE,1778099455.772268,61.991171,61.864452,2597982433,16805499,1040914,1561371,2829110,1040915,0,40,
test/unsat/UUF150.645.100/uuf150-024.cnf,unsat,unsat/UUF150.645.100/,0,0,UNSAT,UNKNOWN,FALSE,,TRUE,,,,,,,,,,,,
test/unsat/UUF150.645.100/uuf150-025.cnf,unsat,unsat/UUF150.645.100/,0,0,UNSAT,UNSAT,TRUE,0,FALSE,1778099817.871774,72.182465,72.074841,3041411125,19664453,1229246,1843869,3288602,1229247,0,40,
test/unsat/UUF150.645.100/uuf150-026.cnf,unsat,unsat/UUF150.645.100/,0,0,UNSAT,UNKNOWN,FALSE,,TRUE,,,,,,,,,,,,
